<?xml version="1.0" encoding="UTF-8"?>
<result>
    <list>
        <corp_code>00664048</corp_code>
        <corp_name>우리넷</corp_name>
        <stock_code>115440</stock_code>
        <modify_date>20230609</modify_date>
    </list>
    <list>
        <corp_code>01091382</corp_code>
        <corp_name>세토피아</corp_name>
        <stock_code>222810</stock_code>
        <modify_date>20230609</modify_date>
    </list>
    <list>
        <corp_code>00263511</corp_code>
        <corp_name>원도어패럴</corp_name>
        <stock_code> </stock_code>
        <modify_date>20230609</modify_date>
    </list>
    <list>
        <corp_code>00105138</corp_code>
        <corp_name>파라텍</corp_name>
        <stock_code>033540</stock_code>
        <modify_date>20230612</modify_date>
    </list>
</result>